sigungu,SIG_CD,SIG_KOR_NM
강원도 고성군,42820,고성군
강원도 삼척시,42230,삼척시
강원도 양구군,42800,양구군
강원도 양양군,42830,양양군
강원도 영월군,42750,영월군
강원도 정선군,42770,정선군
강원도 철원군,42780,철원군
강원도 태백시,42190,태백시
강원도 평창군,42760,평창군
강원도 홍천군,42720,홍천군
강원도 화천군,42790,화천군
강원도 횡성군,42730,횡성군
경기도 가평군,41820,가평군
경기도 연천군,41800,연천군
경상남도 거창군,48880,거창군
경상남도 고성군,48820,고성군
경상남도 남해군,48840,남해군
경상남도 밀양시,48270,밀양시
경상남도 산청군,48860,산청군
경상남도 의령군,48720,의령군
경상남도 창녕군,48740,창녕군
경상남도 하동군,48850,하동군
경상남도 함안군,48730,함안군
경상남도 함양군,48870,함양군
경상남도 합천군,48890,합천군
경상북도 고령군,47830,고령군
경상북도 군위군,47720,군위군
경상북도 문경시,47280,문경시
경상북도 봉화군,47920,봉화군
경상북도 상주시,47250,상주시
경상북도 성주군,47840,성주군
경상북도 안동시,47170,안동시
경상북도 영덕군,47770,영덕군
경상북도 영양군,47760,영양군
경상북도 영주시,47210,영주시
경상북도 영천시,47230,영천시
경상북도 울릉군,47940,울릉군
경상북도 울진군,47930,울진군
경상북도 의성군,47730,의성군
경상북도 청도군,47820,청도군
경상북도 청송군,47750,청송군
대구광역시 남구,27200,남구
대구광역시 서구,27170,서구
부산광역시 동구,26170,동구
부산광역시 서구,26140,서구
부산광역시 영도구,26200,영도구
인천광역시 강화군,28710,강화군
인천광역시 옹진군,28720,옹진군
전라남도 강진군,46810,강진군
전라남도 고흥군,46770,고흥군
전라남도 곡성군,46720,곡성군
전라남도 구례군,46730,구례군
전라남도 담양군,46710,담양군
전라남도 보성군,46780,보성군
전라남도 신안군,46910,신안군
전라남도 영광군,46870,영광군
전라남도 영암군,46830,영암군
전라남도 완도군,46890,완도군
전라남도 장성군,46880,장성군
전라남도 장흥군,46800,장흥군
전라남도 진도군,46900,진도군
전라남도 함평군,46860,함평군
전라남도 해남군,46820,해남군
전라남도 화순군,46790,화순군
전라북도 고창군,45790,고창군
전라북도 김제시,45210,김제시
전라북도 남원시,45190,남원시
전라북도 무주군,45730,무주군
전라북도 부안군,45800,부안군
전라북도 순창군,45770,순창군
전라북도 임실군,45750,임실군
전라북도 장수군,45740,장수군
전라북도 정읍시,45180,정읍시
전라북도 진안군,45720,진안군
충청남도 공주시,44150,공주시
충청남도 금산군,44710,금산군
충청남도 논산시,44230,논산시
충청남도 보령시,44180,보령시
충청남도 부여군,44760,부여군
충청남도 서천군,44770,서천군
충청남도 예산군,44810,예산군
충청남도 청양군,44790,청양군
충청남도 태안군,44825,태안군
충청북도 괴산군,43760,괴산군
충청북도 단양군,43800,단양군
충청북도 보은군,43720,보은군
충청북도 영동군,43740,영동군
충청북도 옥천군,43730,옥천군
충청북도 제천시,43150,제천시