sigungu,sido
강원도 고성군,강원도
강원도 삼척시,강원도
강원도 양구군,강원도
강원도 양양군,강원도
강원도 영월군,강원도
강원도 정선군,강원도
강원도 철원군,강원도
강원도 태백시,강원도
강원도 평창군,강원도
강원도 홍천군,강원도
강원도 화천군,강원도
강원도 횡성군,강원도
경기도 가평군,경기도
경기도 연천군,경기도
경상남도 거창군,경상남도
경상남도 고성군,경상남도
경상남도 남해군,경상남도
경상남도 밀양시,경상남도
경상남도 산청군,경상남도
경상남도 의령군,경상남도
경상남도 창녕군,경상남도
경상남도 하동군,경상남도
경상남도 함안군,경상남도
경상남도 함양군,경상남도
경상남도 합천군,경상남도
경상북도 고령군,경상북도
경상북도 군위군,경상북도
경상북도 문경시,경상북도
경상북도 봉화군,경상북도
경상북도 상주시,경상북도
경상북도 성주군,경상북도
경상북도 안동시,경상북도
경상북도 영덕군,경상북도
경상북도 영양군,경상북도
경상북도 영주시,경상북도
경상북도 영천시,경상북도
경상북도 울릉군,경상북도
경상북도 울진군,경상북도
경상북도 의성군,경상북도
경상북도 청도군,경상북도
경상북도 청송군,경상북도
대구광역시 남구,대구광역시
대구광역시 서구,대구광역시
부산광역시 동구,부산광역시
부산광역시 서구,부산광역시
부산광역시 영도구,부산광역시
인천광역시 강화군,인천광역시
인천광역시 옹진군,인천광역시
전라남도 강진군,전라남도
전라남도 고흥군,전라남도
전라남도 곡성군,전라남도
전라남도 구례군,전라남도
전라남도 담양군,전라남도
전라남도 보성군,전라남도
전라남도 신안군,전라남도
전라남도 영광군,전라남도
전라남도 영암군,전라남도
전라남도 완도군,전라남도
전라남도 장성군,전라남도
전라남도 장흥군,전라남도
전라남도 진도군,전라남도
전라남도 함평군,전라남도
전라남도 해남군,전라남도
전라남도 화순군,전라남도
전라북도 고창군,전라북도
전라북도 김제시,전라북도
전라북도 남원시,전라북도
전라북도 무주군,전라북도
전라북도 부안군,전라북도
전라북도 순창군,전라북도
전라북도 임실군,전라북도
전라북도 장수군,전라북도
전라북도 정읍시,전라북도
전라북도 진안군,전라북도
충청남도 공주시,충청남도
충청남도 금산군,충청남도
충청남도 논산시,충청남도
충청남도 보령시,충청남도
충청남도 부여군,충청남도
충청남도 서천군,충청남도
충청남도 예산군,충청남도
충청남도 청양군,충청남도
충청남도 태안군,충청남도
충청북도 괴산군,충청북도
충청북도 단양군,충청북도
충청북도 보은군,충청북도
충청북도 영동군,충청북도
충청북도 옥천군,충청북도
충청북도 제천시,충청북도